JD,Magnitude
2438759.4,0.09
2438804.3,0.37
2439177.0,0.69
2440953.59,0.58
2440972.56,0.66
2440973.57,0.56
2441005.65,0.61
2441312.62,0.63
2441334.57,0.47
2441705.65,0.74
2442468.53,0.47
2442494.59,0.48
2442833.544,0.49
2442866.6,0.2
2444218.811,0.9
2444602.767,0.28
2444609.65,0.23
2444609.68,0.35
2444657.69,0.503
2444661.78,0.584
2444680.661,0.435
2444686.666,0.504
2444691.679,0.496
2444692.663,0.575
2444694.674,0.54
2444700.677,0.61
2444907.969,0.76
2444937.8,0.71
2445024.67,0.49
2445032.67,0.51
2445337.71,0.61
2445395.6007,0.577
2445403.6708,0.604
2445784.6352,0.644
2446331.01,0.58
2446352.95,0.68
2446379.07,0.67
2446380.1,0.71
2446381.08,0.64
2446793.6213,0.5
2446820.572,0.478
2446831.5326,0.444
2446842.506,0.455
2446869.5146,0.372
2446877.5752,0.385
2446878.5264,0.346
2446883.5456,0.37
2446896.5634,0.314
2447184.6361,0.607
2447198.6824,0.536
2447204.6363,0.519
2447232.7,0.5
2447232.7132,0.431
2447239.6593,0.413
2447239.7,0.4
2447246.6,0.4
2447246.9887,0.388
2447252.6,0.4
2447252.6875,0.383
2447263.6632,0.349
2447415.07,0.74
2447478.66,1.03
2447478.9,0.76
2447497.87,0.81
2447506.85,0.84
2447539.7042,0.91
2447551.7544,0.904
2447568.7225,0.952
2447579.6887,0.984
2447589.735,0.98
2447599.8,0.93
2447601.6903,0.94
2447611.8,0.85
2447615.659,0.924
2447624.6544,0.909
2447863.9375,0.85
2447865.9,0.75
2447879.8,0.69
2447880.9,0.63
2447883.866,0.728
2447891.9097,0.707
2447898.7609,0.658
2447911.8278,0.671
2447915.825,0.661
2447917.6229,0.644
2447921.5477,0.638
2447922.5727,0.64
2447930.537,0.64
2447930.5845,0.641
2447932.7028,0.6
2447933.5549,0.629
2447933.6137,0.634
2447934.5194,0.632
2447934.5613,0.629
2447938.6465,0.609
2447939.6266,0.622
2447945.5389,0.611
2447947.5366,0.611
2447954.5269,0.604
2447957.7458,0.583
2447962.6826,0.628
2447968.5468,0.604
2447970.5718,0.622
2447971.8,0.55
2447978.8,0.59
2447985.5789,0.582
2447989.5602,0.61
2447993.5486,0.607
2447999.8,0.61
2448186.88,0.3
2448209.94,0.47
2448234.8229,0.557
2448239.6769,0.569
2448243.6592,0.588
2448253.8,0.55
2448260.8,0.46
2448269.6431,0.499
2448271.6414,0.484
2448277.8,0.49
2448279.7715,0.508
2448289.7069,0.482
2448297.559,0.466
2448297.6847,0.454
2448306.6222,0.495
2448306.6597,0.475
2448322.65,0.541
2448322.8,0.5
2448323.5428,0.521
2448324.6403,0.524
2448324.6778,0.575
2448332.6868,0.574
2448337.6521,0.596
2448347.6882,0.527
2448350.65,0.572
2448350.79,0.56
2448355.663,0.561
2448361.6514,0.554
2448543.0,0.29
2448570.9,0.36
2448593.8243,0.366
2448602.7028,0.405
2448617.6441,0.368
2448617.8,0.35
2448618.6748,0.347
2448620.8,0.35
2448630.7481,0.346
2448634.7326,0.359
2448635.5988,0.38
2448636.7197,0.383
2448645.6866,0.375
2448646.6194,0.351
2448648.8,0.35
2448650.7375,0.376
2448655.96,0.32
2448656.7493,0.379
2448669.5243,0.359
2448669.6525,0.35
2448672.5951,0.385
2448677.619,0.389
2448677.75,0.385
2448692.6491,0.383
2448692.688,0.394
2448695.6016,0.407
2448704.8,0.39
2448707.8368,0.41
2448710.8427,0.393
2448715.8349,0.408
2448716.6187,0.438
2448716.8402,0.347
2448719.819,0.473
2448724.634,0.399
2448729.75,0.42
2448872.5676,0.494
2448928.9079,0.458
2448945.7914,0.528
2448952.9,0.58
2448954.8958,0.596
2448969.7236,0.672
2448978.6282,0.723
2448980.7569,0.723
2449006.5991,0.822
2449009.5757,0.82
2449012.7287,0.848
2449012.8,0.84
2449019.7398,0.857
2449020.5569,0.857
2449020.6653,0.869
2449023.8846,0.762
2449029.74,0.86
2449037.5539,0.894
2449037.8,0.86
2449040.6019,0.877
2449040.7039,0.88
2449043.5275,0.897
2449045.5303,0.89
2449047.8342,0.801
2449049.5338,0.898
2449050.6049,0.915
2449053.5359,0.899
2449054.6861,0.937
2449055.6139,0.906
2449061.6627,0.909
2449061.75,0.88
2449070.75,0.89
2449075.77,0.84
2449080.6688,0.865
2449091.8,0.86
2449100.8,0.82
2449100.8193,0.648
2449240.1,0.82
2449274.8616,0.737
2449300.7801,0.652
2449302.9,0.59
2449307.7762,0.623
2449316.775,0.624
2449320.7803,0.603
2449333.7238,0.608
2449337.7255,0.593
2449339.7954,0.615
2449341.8,0.61
2449342.9,0.59
2449352.638,0.649
2449356.7123,0.66
2449361.7,0.69
2449364.6447,0.679
2449370.6368,0.701
2449370.762,0.696
2449381.6931,0.74
2449383.6211,0.734
2449388.5907,0.732
2449388.6141,0.726
2449395.5704,0.733
2449396.6792,0.716
2449401.5519,0.704
2449410.5382,0.691
2449414.859,0.634
2449416.5711,0.674
2449416.6544,0.66
2449418.6,0.65
2449418.8,0.67
2449420.5215,0.672
2449427.591,0.67
2449428.8302,0.845
2449432.6669,0.71
2449433.64,0.68
2449450.8,0.65
2449649.8132,0.404
2449653.809,0.403
2449656.794,0.415
2449662.7456,0.402
2449666.7602,0.424
2449671.7687,0.45
2449673.7755,0.45
2449675.7,0.48
2449680.8,0.5
2449684.7384,0.481
2449685.7514,0.483
2449687.6961,0.464
2449689.7539,0.474
2449694.7396,0.494
2449696.759,0.507
2449698.7368,0.508
2449707.6109,0.536
2449707.7109,0.533
2449712.7088,0.552
2449716.694,0.562
2449725.6664,0.61
2449726.6044,0.615
2449727.6891,0.616
2449736.6435,0.65
2449745.6081,0.662
2449746.622,0.671
2449746.7243,0.653
2449748.5852,0.67
2449750.6153,0.69
2449751.5912,0.673
2449752.6025,0.668
2449752.6056,0.689
2449754.5931,0.696
2449755.5676,0.69
2449756.5775,0.693
2449757.5634,0.698
2449761.5986,0.711
2449763.562,0.704
2449765.5667,0.707
2449765.5838,0.723
2449766.5553,0.705
2449766.6308,0.714
2449767.6125,0.692
2449770.5225,0.706
2449770.544,0.719
2449779.725,0.791
2449780.5139,0.74
2449786.5074,0.782
2449786.553,0.776
2449788.5734,0.77
2449789.5465,0.784
2449790.5468,0.802
2449791.719,0.801
2449800.5896,0.797
2449802.6694,0.825
2449802.6951,0.819
2449803.6329,0.819
2449808.6176,0.817
2449808.6502,0.789
2449811.6731,0.841
2449815.6,0.79
2449819.6516,0.83
2449820.6181,0.78
2449832.6148,0.802
2450017.7956,0.344
2450018.8137,0.363
2450028.7792,0.396
2450030.7417,0.38
2450053.7417,0.457
2450054.7234,0.443
2450061.7521,0.451
2450071.6671,0.658
2450088.6743,0.48
2450090.672,0.483
2450093.6639,0.489
2450097.6032,0.497
2450102.6949,0.534
2450103.5859,0.501
2450106.556,0.528
2450111.612,0.507
2450117.5887,0.516
2450118.591,0.51
2450127.7113,0.528
2450128.5688,0.513
2450128.8,0.56
2450129.5583,0.503
2450129.6169,0.525
2450130.5616,0.511
2450130.6581,0.505
2450138.5373,0.493
2450139.5336,0.496
2450140.5306,0.503
2450146.5201,0.491
2450152.5113,0.481
2450153.8,0.56
2450158.6576,0.497
2450163.8,0.46
2450180.6641,0.499
2450191.8,0.5
2450312.1,0.46
2450363.8264,0.343
2450367.8234,0.352
2450369.8125,0.346
2450388.7836,0.397
2450396.7979,0.41
2450398.7734,0.412
2450402.8086,0.407
2450414.4648,0.416
2450419.7211,0.469
2450420.453,0.462
2450425.6896,0.474
2450429.7403,0.5
2450433.4826,0.49
2450437.6796,0.497
2450444.4262,0.522
2450457.6569,0.528
2450460.4002,0.511
2450464.6523,0.531
2450467.5926,0.515
2450467.6347,0.503
2450467.6458,0.523
2450468.5822,0.503
2450473.5944,0.505
2450477.3484,0.501
2450478.597,0.505
2450481.3854,0.499
2450483.5796,0.519
2450488.3616,0.514
2450488.5806,0.502
2450489.5745,0.53
2450490.5789,0.522
2450492.5681,0.514
2450493.6745,0.522
2450494.2988,0.521
2450498.6553,0.576
2450500.2965,0.543
2450501.5917,0.578
2450502.5389,0.552
2450502.6463,0.572
2450504.5368,0.548
2450509.2905,0.556
2450513.7225,0.595
2450514.6671,0.587
2450516.6775,0.592
2450517.6995,0.593
2450532.6634,0.59
2450533.6938,0.607
2450535.9655,0.562
2450546.6664,0.653
2450551.3206,0.667
2450736.5905,0.607
2450755.5926,0.567
2450755.7611,0.572
2450776.5986,0.507
2450787.5125,0.487
2450790.4958,0.472
2450795.491,0.455
2450798.7248,0.445
2450806.4569,0.433
2450809.6236,0.444
2450810.4644,0.44
2450821.4069,0.458
2450831.3785,0.464
2450834.3736,0.468
2450837.5727,0.467
2450838.5826,0.465
2450839.6403,0.457
2450842.6102,0.466
2450843.3914,0.456
2450845.59,0.476
2450845.5963,0.461
2450845.7111,0.492
2450847.5924,0.472
2450848.5914,0.435
2450849.3715,0.461
2450853.5822,0.459
2450858.359,0.464
2450859.6694,0.444
2450860.5609,0.471
2450860.6868,0.506
2450865.2891,0.477
2450870.5329,0.51
2450871.6669,0.554
2450874.2694,0.501
2450874.5796,0.531
2450876.5819,0.554
2450881.5975,0.548
2450883.2766,0.529
2450889.3053,0.547
2450890.6632,0.587
2450891.6757,0.583
2450898.6417,0.581
2450901.6051,0.611
2450904.6366,0.597
2450907.6278,0.612
2450914.6356,0.635
2451075.5938,0.564
2451097.8368,0.543
2451099.6174,0.526
2451109.6109,0.451
2451116.5831,0.406
2451123.5139,0.39
2451129.5495,0.377
2451131.7884,0.376
2451132.7442,0.376
2451135.5257,0.383
2451135.8012,0.383
2451136.7354,0.392
2451139.7868,0.395
2451139.7956,0.383
2451141.7477,0.391
2451146.5074,0.393
2451155.497,0.417
2451155.6956,0.425
2451156.7412,0.417
2451159.737,0.428
2451160.7354,0.421
2451161.6449,0.42
2451161.7338,0.449
2451162.7329,0.44
2451164.6843,0.449
2451165.6694,0.452
2451166.4843,0.453
2451168.6773,0.467
2451174.6657,0.487
2451174.6968,0.48
2451176.6451,0.456
2451176.7028,0.486
2451183.6273,0.489
2451184.3789,0.475
2451184.6104,0.474
2451188.6005,0.48
2451188.6623,0.49
2451194.6426,0.482
2451195.6417,0.469
2451197.3799,0.467
2451209.5757,0.463
2451209.6032,0.441
2451210.2926,0.429
2451210.5981,0.438
2451214.4067,0.418
2451220.578,0.39
2451221.712,0.399
2451222.3088,0.376
2451222.566,0.389
2451222.5727,0.396
2451228.3384,0.358
2451229.5472,0.346
2451230.5438,0.351
2451232.5428,0.35
2451235.2968,0.317
2451236.5301,0.326
2451245.3069,0.308
2451245.5042,0.316
2451257.3019,0.309
2451458.6456,0.503
2451479.5699,0.514
2451490.5586,0.53
2451505.5262,0.521
2451518.516,0.565
2451520.7477,0.563
2451526.7275,0.562
2451531.7174,0.561
2451533.4414,0.546
2451541.6933,0.548
2451557.6484,0.509
2451560.6368,0.502
2451564.6289,0.499
2451568.5762,0.524
2451568.6125,0.49
2451570.6125,0.486
2451571.6069,0.493
2451572.6049,0.496
2451573.6104,0.493
2451579.5891,0.491
2451582.5775,0.504
2451583.5549,0.541
2451586.566,0.51
2451591.5535,0.532
2451603.5236,0.558
2451607.5104,0.574
2451609.5102,0.57
2451611.5028,0.583
2451621.6347,0.591
2451624.7111,0.574
2451634.6569,0.564
2451637.6558,0.536
2451641.6595,0.521
2451645.6539,0.516
2451658.6602,0.478
2451782.0123,0.74
2451882.7345,0.506
2451883.6773,0.498
2451897.6412,0.466
2451900.6549,0.461
2451906.6192,0.45
2451906.6917,0.473
2451908.6065,0.452
2451917.6044,0.465
2451921.6556,0.472
2451923.5613,0.465
2451928.5671,0.489
2451929.6345,0.503
2451930.6278,0.517
2451931.5676,0.516
2451938.6032,0.542
2451943.5988,0.558
2451952.5782,0.588
2451953.6002,0.588
2451975.6965,0.616
2451982.663,0.622
2451986.6766,0.611
2451997.6854,0.602
2452010.6537,0.594
2452181.888,0.479
2452250.7171,0.363
2452251.6458,0.45
2452262.6877,0.372
2452268.618,0.51
2452270.5547,2.35
2452276.6819,0.397
2452277.6773,0.411
2452288.5764,0.452
2452293.5843,0.467
2452293.6329,0.463
2452294.5985,0.47
2452295.6044,0.475
2452299.6044,0.485
2452306.5979,0.497
2452309.6007,0.487
2452310.5875,0.513
2452312.5697,0.52
2452314.5718,0.524
2452314.5785,0.518
2452316.5676,0.532
2452318.5544,0.535
2452323.5498,0.571
2452324.5544,0.589
2452335.5218,0.594
2452337.5148,0.632
2452338.5155,0.611
2452343.715,0.653
2452345.7167,0.661
2452348.7062,0.643
2452351.6701,0.67
2452611.7692,0.449
2452641.6815,0.398
2452646.6662,0.384
2452650.6562,0.408
2452652.6602,0.429
2452661.5417,0.57
2452662.6183,0.478
2452665.5877,0.55
2452669.5968,0.544
2452669.6042,0.509
2452680.5722,0.569
2452683.5562,0.592
2452684.5532,0.602
2452685.5556,0.615
2452690.5558,0.656
2452691.5438,0.664
2452691.6012,0.689
2452692.5535,0.656
2452694.5317,0.691
2452696.528,0.695
2452697.5292,0.705
2452698.5257,0.709
2452701.5132,0.736
2452702.5208,0.736
2452705.5056,0.751
2452707.7359,0.786
2452708.5021,0.792
2452709.5042,0.797
2452712.6944,0.793
2452722.69,0.868
2452729.6269,0.898
2452734.6289,0.927
2452870.9167,0.86
2453013.6486,0.459
2453014.6498,0.458
2453018.6398,0.45
2453020.6451,0.448
2453021.6292,0.43
2453025.625,0.447
2453029.6139,0.443
2453043.5778,0.446
2453049.5604,0.46
2453051.5586,0.46
2453058.5317,0.478
2453060.5373,0.483
2453062.5287,0.491
2453064.5222,0.498
2453065.5257,0.484
2453086.2412,0.569
2453385.6514,0.431
2453391.6278,0.436
2453394.619,0.434
2453397.6164,0.44
2453398.6104,0.45
2453399.6095,0.455
2453402.5984,0.439
2453407.5456,0.502
2453412.569,0.431
2453425.5324,0.409
2453428.5255,0.407
2453433.519,0.405
2453434.5178,0.402
2453796.5688,0.375
2453811.5896,0.463
2453818.5725,0.487
2453821.5484,0.509
2453823.5609,0.518
2454062.659,0.736
2454103.653,0.632
2454139.5275,0.424
2454160.638,0.436
2454171.5532,0.449
2454180.5373,0.47
2454187.5442,0.453
2454475.56,0.595
2454479.30556,0.64
2454513.5269,0.519
2454521.5079,0.502
2454681.61,0.97
2454683.61,0.82
2454697.56,0.54
2454702.6,0.55
2454703.6,0.49
2454711.58,1.09
2454715.58,0.85
2454718.58,0.36
2454719.58,0.88
2454762.8859,0.905
2454768.58,0.73
2454768.58,0.23
2454769.58,0.93
2454770.58,1.08
2454771.8894,0.942
2454772.56,0.79
2454774.56,0.93
2454777.56,0.56
2454789.63,0.45
2454793.4901,0.938
2454793.53,1.03
2454796.51,0.9
2454798.54,0.52
2454801.56,1.26
2454823.53,0.65
2454824.54,0.32
2454828.38,0.96
2454829.47,0.98
2454830.7215,0.877
2454837.606,0.854
2454841.4464,0.789
2454854.6516,0.876
2454872.3,0.85
2454875.6262,0.878
2454878.27,1.13
2454881.31,0.97
2454882.31,0.77
2454885.5875,0.78
2454891.31,1.08
2454893.60417,0.755
2454895.5208,0.749
2454903.25,0.4
2454904.34,0.47
2454904.5178,0.69
2454907.29,0.62
2454908.5646,0.697
2454910.29,0.79
2454910.625,0.694
2454913.29,0.68
2454913.5616,0.656
2454918.27,1.02
2454921.60694,0.65
2454923.60069,0.597
2455052.42,1.06
2455053.48,1.02
2455058.52,0.85
2455059.52,0.85
2455060.52,0.85
2455061.52,0.83
2455062.52,0.7
2455066.52,1.06
2455069.52,0.54
2455070.52,1.05
2455072.52,0.8
2455073.52,0.8
2455074.52,0.55
2455075.56,0.85
2455078.56,0.84
2455080.56,0.8
2455081.56,0.8
2455082.56,0.8
2455083.56,0.79
2455087.56,0.74
2455093.56,0.7
2455094.56,0.67
2455095.57,0.66
2455096.56,0.65
2455097.56,0.63
2455098.56,0.63
2455100.56,0.56
2455102.56,0.56
2455104.54,0.54
2455109.9231,0.542
2455123.8782,0.52
2455136.8863,0.47
2455163.7933,0.406
2455195.72917,0.335
2455210.6539,0.42
2455236.5,0.549
2455261.5583,0.52
2455273.5762,0.479
2455280.6174,0.443
2455282.5546,0.445
2455296.5648,0.402
2455296.616,0.372
2455304.5646,0.358
2455478.94444,0.259
2455482.94861,0.184
2455648.55139,0.507
2455648.6188,0.561
2455864.8322,0.556
2455883.763,0.487
2455906.6887,0.449
2455929.6649,0.396
2455946.6938,0.378
2455947.2708,0.419
2455970.2347,0.454
2455973.6701,0.424
2455974.3118,0.424
2455978.58223,0.359
2455983.2757,0.482
2455985.6222,0.408
2455993.2451,0.5
2455998.60182,0.43
2456002.6361,0.505
2456007.2882,0.492
2456026.53998,0.546
2456245.77675,0.486
2456282.6715,0.642
2456291.3563,0.669
2456292.70294,0.49
2456295.4354,0.628
2456303.4167,0.59
2456304.3764,0.61
2456313.65046,0.392
2456319.2639,0.538
2456319.3313,0.517
2456320.6618,0.479
2456321.3965,0.466
2456321.3979,0.483
2456331.2375,0.465
2456334.5958,0.401
2456344.3403,0.4
2456352.2444,0.405
2456352.2493,0.41
2456354.2611,0.442
2456354.2639,0.448
2456354.3271,0.427
2456354.6083,0.411
2456355.3688,0.384
2456356.2882,0.444
2456356.3667,0.427
2456356.5057,0.359
2456357.25,0.456
2456357.2569,0.471
2456359.2938,0.498
2456359.3028,0.449
2456359.375,0.444
2456368.2888,0.428
2456368.2938,0.434
2456371.2833,0.484
2456374.2778,0.431
2456374.3097,0.393
2456393.2944,0.568
2456395.2944,0.618
2456396.291,0.56
2456397.2917,0.568
2456398.2833,0.558
2456398.2903,0.543
2456404.6229,0.602
2456543.6056,0.578
2456563.6167,0.576
2456566.5931,0.571
2456567.566,0.577
2456567.5681,0.583
2456568.5986,0.575
2456568.6083,0.587
2456569.6361,0.601
2456569.6382,0.576
2456570.6056,0.578
2456570.6076,0.586
2456577.6708,0.564
2456582.6243,0.559
2456582.6271,0.578
2456594.6597,0.541
2456594.6611,0.56
2456604.4618,0.573
2456604.4639,0.585
2456608.6451,0.554
2456610.6125,0.572
2456610.6153,0.558
2456617.6972,0.504
2456623.6535,0.546
2456624.3979,0.572
2456629.5979,0.593
2456629.6,0.579
2456639.2736,0.545
2456639.2757,0.514
2456651.3556,0.545
2456651.3576,0.555
2456654.6486,0.591
2456667.6449,0.47
2456668.3069,0.528
2456670.2465,0.527
2456672.6493,0.49
2456673.341,0.5
2456701.3049,0.47
2456703.2347,0.436
2456704.2444,0.448
2456709.2472,0.466
2456712.2458,0.423
2456713.2868,0.4
2456714.2368,0.443
2456715.3486,0.35
2456716.2868,0.348
2456717.2861,0.411
2456721.2604,0.396
2456725.259,0.372
2456726.2917,0.373
2456728.2722,0.358
2456729.2854,0.37
2456730.2951,0.355
2456730.2986,0.358
2456731.2688,0.351
2456731.2715,0.343
2456736.2785,0.359
2456737.2868,0.414
2456737.2896,0.408
2456743.2861,0.422
2456743.2889,0.336
2456745.275,0.397
2456745.2813,0.358
2456745.2965,0.328
2456746.2701,0.381
2456746.2799,0.391
2456746.2826,0.37
2456750.2933,0.293
2456755.3101,0.289
2456762.2907,0.418
2456765.2921,0.384
2456887.6063,0.608
2456887.6076,0.547
2456887.609,0.537
2456908.6063,0.538
2456908.6083,0.518
2456908.6104,0.547
2456917.5646,0.549
2456917.5667,0.528
2456924.5597,0.55
2456924.5618,0.567
2456929.5889,0.607
2456929.6396,0.542
2456937.6097,0.528
2456937.6118,0.53
2456945.6972,0.562
2456949.6688,0.532
2456949.6708,0.531
2456966.5757,0.589
2456966.5785,0.595
2456984.5986,0.552
2456984.6007,0.557
2456984.6028,0.565
2457000.5986,0.579
2457001.5097,0.626
2457001.5139,0.618
2457001.5465,0.624
2457003.5778,0.619
2457014.3313,0.651
2457014.3333,0.62
2457014.4146,0.639
2457014.4153,0.656
2457015.4319,0.637
2457018.2597,0.608
2457018.2639,0.651
2457018.266,0.65
2457021.4632,0.6
2457021.4667,0.631
2457021.4694,0.625
2457022.2667,0.655
2457022.2694,0.62
2457022.2736,0.603
2457022.2757,0.644
2457022.3056,0.597
2457022.3076,0.642
2457022.341,0.641
2457022.3431,0.652
2457022.3549,0.654
2457022.3847,0.634
2457022.3861,0.644
2457029.2958,0.607
2457029.334,0.621
2457034.2299,0.604
2457034.2306,0.61
2457034.2486,0.595
2457034.2556,0.648
2457034.266,0.617
2457034.2667,0.616
2457034.2681,0.583
2457034.2694,0.627
2457034.2958,0.61
2457034.2965,0.631
2457034.2979,0.608
2457034.2993,0.62
2457034.3222,0.627
2457034.3229,0.619
2457034.3243,0.618
2457034.3806,0.621
2457034.3819,0.598
2457034.3826,0.643
2457035.3833,0.622
2457035.3861,0.618
2457035.4167,0.64
2457036.2396,0.597
2457036.2944,0.596
2457036.2958,0.646
2457043.4326,0.568
2457043.4354,0.588
2457043.4451,0.558
2457049.2243,0.594
2457049.3069,0.606
2457049.3208,0.599
2457049.3743,0.599
2457051.3007,0.59
2457054.1979,0.593
2457054.1993,0.593
2457054.2028,0.592
2457054.2215,0.598
2457054.2285,0.596
2457054.2889,0.583
2457054.3347,0.582
2457054.3361,0.596
2457054.3368,0.58
2457054.3424,0.576
2457054.3778,0.556
2457054.3847,0.589
2457059.2646,0.543
2457059.3299,0.565
2457059.3313,0.572
2457060.2229,0.583
2457060.2236,0.607
2457060.2278,0.551
2457060.2451,0.561
2457060.2465,0.586
2457060.2778,0.58
2457060.3042,0.583
2457060.3056,0.52
2457061.3271,0.571
2457061.3361,0.573
2457062.2201,0.569
2457062.2215,0.575
2457062.2354,0.565
2457062.2361,0.587
2457067.3028,0.521
2457067.3139,0.544
2457067.3153,0.546
2457068.3736,0.519
2457068.375,0.52
2457069.2569,0.52
2457070.2368,0.56
2457070.2382,0.569
2457070.2465,0.568
2457070.2472,0.565
2457074.2535,0.559
2457074.266,0.531
2457074.2667,0.539
2457084.3146,0.543
2457084.3333,0.557
2457085.2451,0.545
2457085.2521,0.519
2457088.2889,0.5
2457088.2993,0.534
2457089.359,0.46
2457089.3618,0.46
2457090.2771,0.498
2457091.316,0.405
2457091.3181,0.463
2457098.584,0.45
2457099.259,0.461
2457099.2931,0.495
2457099.2972,0.474
2457101.2653,0.444
2457101.2736,0.429
2457102.316,0.356
2457102.3174,0.402
2457105.2889,0.38
2457105.2972,0.364
2457106.2639,0.344
2457106.2778,0.339
2457113.557,2.167
2457119.2826,0.432
2457125.2931,0.392
2457125.2951,0.374
2457127.2861,0.406
2457127.2882,0.307
2457128.2882,0.389
2457128.2903,0.379
2457266.6179,0.703
2457266.6206,0.704
2457279.6349,0.693
2457281.6307,0.704
2457286.6365,0.72
2457287.6355,0.769
2457294.6587,0.718
2457297.6201,0.71
2457329.5504,0.702
2457332.5992,0.65
2457338.6356,0.669
2457339.4456,0.68
2457350.4123,0.65
2457360.4133,0.625
2457378.341,0.605
2457378.4623,0.604
2457379.4372,0.597
2457383.4615,0.599
2457385.349,0.591
2457386.3381,0.574
2457387.4174,0.61
2457400.3598,0.616
2457401.3772,0.594
2457404.4201,0.36
2457405.3593,0.584
2457406.406,0.581
2457407.4264,0.544
2457409.4584,0.595
2457410.287,0.59
2457410.3618,0.584
2457414.2607,0.63
2457414.4425,0.557
2457417.3316,0.609
2457420.25,0.45
2457421.2386,0.648
2457423.25,0.37
2457424.249,0.608
2457425.2221,0.678
2457425.3046,0.602
2457429.2396,0.33
2457430.3058,0.616
2457432.3218,0.594
2457443.3316,0.587
2457449.25,0.49
2457451.25,0.29
2457452.2981,0.513
2457456.3402,0.483
2457457.3257,0.476
2457462.2708,0.27
2457465.293,0.456
2457496.57,0.28
2457632.6273,0.365
2457632.6289,0.357
2457655.6312,0.386
2457656.6543,0.421
2457659.6511,0.388
2457659.653,0.391
2457666.6621,0.451
2457666.664,0.451
2457691.6711,0.497
2457691.673,0.516
2457701.4441,0.517
2457701.4463,0.509
2457701.699,0.478
2457714.4514,0.499
2457715.4155,0.52
2457725.4203,0.507
2457726.527,0.498
2457732.4729,0.535
2457733.3562,0.482
2457739.3514,0.532
2457739.4561,0.519
2457743.8438,0.466
2457749.5415,0.508
2457752.4162,0.501
2457753.3345,0.493
2457753.7694,0.456
2457754.3329,0.53
2457760.3615,0.5
2457766.7289,0.451
2457769.3018,0.499
2457771.2693,0.517
2457772.3042,0.501
2457773.2699,0.499
2457775.34,0.48
2457780.2814,0.51
2457780.2835,0.509
2457798.233,0.439
2457798.2349,0.437
2457799.2502,0.437
2457800.2409,0.432
2457803.312,0.404
2457804.243,0.406
2457810.2622,0.361
2457810.2641,0.414
2457812.3095,0.395
2457812.3115,0.394
2457814.2638,0.382
2457814.2667,0.387
2457825.5799,0.298
2457826.2716,0.283
2457826.2738,0.303
2457836.2756,0.328
2457836.556,0.29
2457839.2734,0.343
2457839.2753,0.328
2457841.2738,0.334
2457841.2757,0.355
2457843.2674,0.293
2457843.2693,0.283
2457845.2704,0.27
2457845.2723,0.271
2457853.2823,0.266
2457853.2853,0.273
2457865.2866,0.294
2457865.2944,0.123
2457865.2974,0.227
2457865.2997,0.214
2457869.292,0.102
2457990.6283,0.479
2457990.6303,0.481
2457994.5873,0.564
2457994.6209,0.53
2457994.6231,0.543
2458009.6261,0.612
2458009.628,0.603
2458010.583,0.593
2458010.5852,0.613
2458014.571,0.614
2458014.5729,0.598
2458023.6415,0.646
2458023.6436,0.65
2458032.5965,0.692
2458032.5983,0.692
2458038.5989,0.71
2458038.601,0.723
2458042.6213,0.722
2458042.6232,0.723
2458054.6792,0.777
2458054.6811,0.769
2458057.4824,0.783
2458057.4843,0.781
2458059.4629,0.737
2458059.4648,0.752
2458072.4134,0.678
2458072.4154,0.706
2458073.4044,0.713
2458073.4062,0.713
2458077.4898,0.7
2458077.4917,0.706
2458079.6824,0.472
2458079.6843,0.54
2458084.3497,0.727
2458094.3641,0.646
2458094.3658,0.655
2458095.4171,0.637
2458095.4191,0.636
2458101.3179,0.611
2458101.3198,0.562
2458112.3473,0.56
2458112.3492,0.575
2458112.4532,0.569
2458112.4552,0.571
2458113.3599,0.562
2458113.3619,0.56
2458117.3024,0.539
2458117.3043,0.532
2458119.4257,0.559
2458119.4277,0.558
2458121.358,0.559
2458122.3352,0.536
2458122.3372,0.529
2458136.2901,0.507
2458138.237,0.5
2458138.2389,0.514
2458143.2276,0.515
2458143.2294,0.538
2458144.2546,0.53
2458144.2565,0.514
2458148.2395,0.526
2458148.2425,0.534
2458148.568,0.281
2458150.2525,0.533
2458150.2543,0.54
2458154.3,0.534
2458154.3019,0.528
2458174.255,0.55
2458174.2997,0.535
2458175.2649,0.54
2458175.2668,0.545
2458178.2502,0.529
2458178.2521,0.522
2458181.6194,0.484
2458181.623,0.496
2458186.3031,0.533
2458186.3049,0.558
2458189.568,0.0467
2458191.579,0.499
2458199.2587,0.541
2458199.2603,0.538
2458202.2749,0.447
2458202.2769,0.422
2458203.2882,0.457
2458203.2903,0.445
2458203.5688,0.467
2458211.2738,0.47
2458211.2757,0.486
2458215.3101,0.445
2458215.312,0.443
2458217.2805,0.401
2458217.2825,0.428
2458227.2909,0.341
2458227.2925,0.367
2458367.6358,0.472
2458367.6378,0.476
2458368.5629,0.476
2458368.5648,0.496
2458368.609,0.466
2458368.6109,0.48
2458370.613,0.575
2458370.6149,0.549
2458373.6216,0.586
2458373.6236,0.551
2458381.6139,0.501
2458381.6163,0.503
2458385.9932,0.475
2458386.6551,0.514
2458387.9694,0.479
2458388.6053,0.53
2458388.6072,0.541
2458388.9726,0.487
2458391.6325,0.56
2458391.6344,0.543
2458395.6577,0.595
2458395.6596,0.579
2458397.6244,0.579
2458397.6264,0.573
2458400.6083,0.57
2458400.6101,0.588
2458401.6408,0.558
2458401.6427,0.566
2458403.59,0.595
2458403.5918,0.607
2458404.6624,0.596
2458404.6642,0.597
2458407.6697,0.641
2458409.9877,0.594
2458410.9514,0.598
2458413.6515,0.647
2458413.6535,0.636
2458422.4252,0.729
2458422.4272,0.72
2458422.4292,0.719
2458424.6428,0.758
2458424.645,0.762
2458427.4477,0.782
2458427.4496,0.785
2458427.9799,0.735
2458429.4446,0.772
2458429.4465,0.781
2458429.9027,0.727
2458433.9191,0.764
2458438.478,0.841
2458438.4798,0.84
2458439.6193,0.821
2458439.6214,0.818
2458440.8602,0.788
2458451.338,0.895
2458451.3407,0.87
2458451.6594,0.79
2458451.6612,0.775
2458455.8326,0.835
2458457.3494,0.877
2458457.3513,0.901
2458458.3485,0.899
2458458.3506,0.895
2458459.8293,0.854
2458474.8086,0.882
2458479.3172,0.938
2458479.319,0.934
2458484.7599,0.871
2458485.4129,0.944
2458486.4104,0.919
2458486.4124,0.936
2458491.4403,0.844
2458495.4375,0.77
2458498.3958,0.77
2458500.4046,0.761
2458500.4067,0.784
2458501.2254,0.826
2458501.8683,0.775
2458502.2489,0.83
2458502.2508,0.826
2458507.6606,0.708
2458508.3597,0.66
2458508.6637,0.697
2458509.6609,0.695
2458511.7052,0.672
2458512.2779,0.724
2458512.2797,0.737
2458513.2587,0.723
2458513.2605,0.718
2458514.6484,0.645
2458519.3729,0.7
2458520.24,0.625
2458520.242,0.638
2458520.325,0.621
2458520.3269,0.646
2458521.2424,0.618
2458521.2443,0.634
2458521.3701,0.7
2458521.6355,0.584
2458523.2369,0.614
2458523.2386,0.619
2458523.2404,0.595
2458526.3108,0.578
2458526.3123,0.59
2458527.289,0.56
2458527.291,0.579
2458529.2704,0.556
2458529.2724,0.556
2458530.2626,0.529
2458530.2643,0.536
2458531.3746,0.529
2458532.2837,0.501
2458532.2857,0.513
2458532.3604,0.651
2458533.3708,0.574
2458534.2773,0.518
2458534.2791,0.535
2458535.2577,0.494
2458535.2597,0.493
2458537.3512,0.476
2458537.3646,0.541
2458538.2945,0.46
2458538.2965,0.482
2458541.3313,0.55
2458542.2765,0.46
2458542.2785,0.443
2458543.5671,0.416
2458545.3056,0.482
2458551.3021,0.3
2458551.5956,0.362
2458553.2478,0.378
2458553.3303,0.386
2458553.6636,0.356
2458555.2695,0.378
2458555.2714,0.396
2458555.5,0.366
2458555.6962,0.346
2458556.651,0.359
2458560.6555,0.349
2458561.528,0.367
2458561.6562,0.354
2458563.2842,0.352
2458563.2863,0.362
2458563.3472,0.31
2458564.281,0.386
2458564.2831,0.386
2458564.563,0.377
2458565.2675,0.375
2458565.2698,0.365
2458566.2898,0.349
2458566.2916,0.362
2458566.615,0.362
2458567.35,0.371
2458568.551,0.392
2458571.3479,0.34
2458572.2796,0.402
2458572.2814,0.368
2458572.3544,0.357
2458573.272,0.399
2458573.274,0.378
2458574.2761,0.347
2458574.278,0.338
2458574.3333,0.391
2458575.2847,0.357
2458575.2867,0.343
2458580.2911,0.416
2458580.2931,0.38
2458594.3091,0.363
2458594.3109,0.354
2458598.2908,0.33
2458598.292,0.321
2458707.6018,0.647
2458707.607,0.691
2458710.6035,0.643
2458710.6058,0.641
2458724.5986,0.612
2458724.6011,0.606
2458731.6304,0.621
2458731.6323,0.626
2458741.6519,0.634
2458748.5463,0.645
2458748.5482,0.659
2458757.6591,0.631
2458757.6609,0.647
2458771.585,0.647
2458771.5869,0.66
2458778.5766,0.673
2458778.5782,0.691
2458780.6169,0.669
2458780.6185,0.65
2458781.6435,0.694
2458781.6453,0.694
2458781.9628,0.679
2458789.9083,0.745
2458792.426,0.797
2458792.428,0.839
2458792.9076,0.764
2458795.9044,0.796
2458798.5703,0.86
2458798.5722,0.843
2458802.4214,0.928
2458802.4231,0.926
2458810.8712,0.948
2458811.4203,0.957
2458811.4219,0.951
2458817.8765,1.037
2458818.4365,1.078
2458818.4384,1.077
2458820.7956,1.053
2458834.7865,1.217
2458837.332,1.325
2458841.4149,1.284
2458841.7487,1.281
2458846.8759,1.318
2458847.2907,1.401
2458847.2925,1.397
2458847.3247,1.339
2458847.53472,1.5
2458848.45513,1.218
2458848.5243,1.336
2458849.4131,1.363
2458849.4162,1.362
2458849.67066,1.41
2458850.2949,1.473
2458850.3462,1.407
2458851.3957,1.381
2458851.3976,1.367
2458854.2856,1.439
2458854.3462,1.425
2458854.3483,1.428
2458855.3648,1.439
2458855.3668,1.433
2458855.6861,2.133
2458856.3628,1.36
2458857.21072,1.51
2458858.7016,1.425
2458859.3333,1.615
2458860.364,1.455
2458860.3658,1.471
2458860.375,1.605
2458860.4336,1.452
2458860.4359,1.453
2458860.7787,1.463
2458861.2639,1.45
2458862.40377,1.518
2458862.40377,1.579
2458862.7498,1.487
2458863.63796,1.515
2458864.248,1.613
2458864.4986,1.524
2458865.2556,1.5
2458865.3866,1.517
2458865.409,1.772
2458865.42792,1.536
2458865.56115,1.448
2458865.7417,1.512
2458865.7528,1.724
2458866.6438,1.491
2458867.6597,1.496
2458868.5847,1.487
2458869.2148,1.533
2458869.2479,1.547
2458869.2498,1.545
2458869.298,1.554
2458869.32021,1.36
2458869.39554,1.578
2458869.55915,1.54
2458870.37714,1.582
2458871.3069,1.48
2458871.375,1.47
2458871.725,1.604
2458872.2223,1.583
2458872.2369,1.574
2458872.2573,1.747
2458872.3181,1.552
2458872.3356,1.543
2458872.3957,1.564
2458873.7197,1.628
2458876.749,1.641
2458877.6898,1.543
2458877.7083,1.62
2458878.3935,1.55
2458878.7055,1.626
2458879.4059,1.583
2458879.7029,1.666
2458880.2995,1.595
2458880.3046,1.62
2458880.3566,1.609
2458880.3585,1.599
2458880.7,1.667
2458880.7549,1.571
2458881.698,1.675
2458882.6954,1.665
2458882.7963,1.583
2458883.56389,1.604
2458883.6918,1.582
